Sporcu Adı,Şehir,Cinsiyet,Takım,Madalya Çeşidi,Tarih,Kazandığı Maç Sayısı
Matthew Brown,New Johnmouth,Kadın,Carter-Bean,Gümüş,1984-09-04,63
Margaret Moody,Lake Jeffrey,Kadın,"Sullivan, Macias and Arnold",Altın,1986-05-25,67
Brian Collins,North Wayneside,Kadın,French PLC,Gümüş,1991-05-12,30
James Costa,Lake Justin,Erkek,"Castro, Sosa and Hernandez",Gümüş,1987-02-05,71
Matthew Garcia,West Patrick,Erkek,Martin-Mcdaniel,Bronz,1998-05-01,62
Elizabeth Hicks,Fordbury,Erkek,Miller PLC,Gümüş,1998-04-12,87
Mary Benton,Ravenville,Erkek,Lee Ltd,Gümüş,1984-06-13,13
Daniel Moore,East Paulmouth,Erkek,"Malone, Moyer and Davis",Altın,1985-09-17,4
Natalie Watkins,North Vincentberg,Erkek,Baker Group,Gümüş,1995-02-02,25
Zachary Johnston,Bairdmouth,Erkek,Mendez Ltd,Altın,2004-02-12,98
Monica Lara,North Rodney,Erkek,Moore-Foley,Altın,1988-11-07,34
Michael Floyd,South Jacob,Kadın,Hodges Group,Altın,1984-10-04,85
Brian Mcclure,Amybury,Erkek,Watkins LLC,Bronz,1986-01-04,43
Ricky Patton,Lake Rachel,Erkek,"Gilbert, Carpenter and Hendricks",Altın,1983-07-04,57
David Parker,Duncanchester,Kadın,Owen-Ellis,Altın,1991-11-23,100
Stacey King,Harmonton,Kadın,"Valencia, Solomon and Terrell",Bronz,1986-04-30,22
Joann Edwards,Lake Tiffany,Erkek,Moore-Smith,Gümüş,2002-04-19,45
Carol Skinner,Sandersfurt,Kadın,Miles-Butler,Bronz,2005-09-18,97
Erik Blackwell,New Dawnmouth,Kadın,"Morrison, Mcdonald and Patel",Altın,2005-02-13,59
Dale Warner,Diazville,Kadın,"Wheeler, Hunt and Sellers",Gümüş,1986-12-28,61
Mr. Vincent Sims,Rebeccaburgh,Erkek,Delgado-Snow,Bronz,1987-07-10,100
Benjamin Giles,Santosburgh,Erkek,Wood-Sullivan,Gümüş,2003-05-11,30
Laura Barrera,Beckburgh,Kadın,"Ward, Walsh and Williamson",Gümüş,1992-11-27,79
Lisa English,New Connieburgh,Erkek,Garcia and Sons,Altın,1993-02-01,12
Martha Cook,Gomezbury,Kadın,Suarez-Gonzalez,Bronz,1986-06-05,64
Charles Fletcher,Lyonsmouth,Kadın,Foster-Harvey,Gümüş,1999-04-03,90
Jennifer Reed,New Nicole,Kadın,"Flores, Jones and Williams",Gümüş,1990-04-11,43
Gregory Carpenter,Sarahfurt,Kadın,Wilkerson-Carrillo,Altın,1997-09-14,57
Joseph Singleton,West Gina,Erkek,Jacobs-Pugh,Gümüş,1994-12-23,96
Scott Kennedy,Port Philipchester,Kadın,Smith Inc,Bronz,1986-11-01,98
David Mullins,Paulmouth,Erkek,"Quinn, Cuevas and Carson",Gümüş,2001-03-28,17
Danielle Burke,Patrickside,Erkek,"Mendoza, Smith and Deleon",Altın,1999-08-15,57
David Buchanan,Camposmouth,Erkek,Vang-Clark,Altın,1990-10-05,68
Michelle Long,Mccarthymouth,Kadın,"Robinson, Archer and Goodwin",Bronz,1988-09-07,96
Kimberly Palmer,Sharpshire,Kadın,Matthews-Anderson,Altın,2001-11-26,38
Carmen Gordon,Michaelberg,Erkek,Shepard-Gardner,Bronz,2002-12-09,5
Shannon Hawkins,Kristyberg,Erkek,Daniels-Torres,Altın,1990-08-21,8
Brandon Silva,Lake Timothyhaven,Kadın,White and Sons,Gümüş,1986-10-23,99
Jesse Young,Danaside,Erkek,Harris Ltd,Gümüş,2004-11-24,85
Matthew Ibarra,East Juliefort,Kadın,Terry LLC,Gümüş,2000-07-23,24
Joseph Obrien,Michaelmouth,Kadın,Matthews LLC,Altın,1999-01-28,35
Adam Bauer,Johnsontown,Kadın,Hunt Group,Bronz,1996-02-02,56
Dwayne Parker,West Katherine,Kadın,"Bennett, Morales and Brown",Bronz,1995-11-06,86
Laurie Walters,North Ashley,Erkek,"Ramos, Patel and Hall",Altın,1985-06-23,21
Dr. Kevin Carney,Smithbury,Erkek,Pollard Inc,Gümüş,1992-04-05,71
Donald Smith,Joshualand,Erkek,Carter-Gallagher,Gümüş,1995-10-13,54
Shelby Taylor,South Ruben,Erkek,Hood PLC,Gümüş,1986-07-07,1
Holly Lopez,Sethside,Erkek,Walker LLC,Altın,1995-11-25,17
Kimberly Conrad,Patriciaside,Kadın,Stone LLC,Gümüş,1987-10-27,84
Stephen Wyatt,Scottmouth,Kadın,Kelly PLC,Altın,2000-02-29,51
